Pump_Speed,Flow_Rate,pH_Level,Chlorine_Level,Turbidity,Temperature,Pressure,Operational_Status,Quality_Flag,Sensor_ID,Label
1518,142,6,4,0,25,24,Idle,Warning,SEN032,No Attack
1728,35,6,4,0,33,36,Idle,Warning,SEN035,No Attack
1870,196,8,1,1,21,71,Active,Normal,SEN005,No Attack
402,3,4,10,10,15,9,Overloaded,Critical,SEN025,Cyber Attack
292,4,2,10,7,13,3,Overloaded,Critical,SEN039,Cyber Attack
282,0,2,5,10,10,0,Overloaded,Critical,SEN014,Cyber Attack
2068,48,6,1,0,24,30,Active,Warning,SEN006,No Attack
2523,98,6,4,4,27,85,Idle,Normal,SEN012,No Attack
2274,87,8,1,1,20,79,Idle,Warning,SEN024,No Attack
2502,179,8,2,5,30,64,Idle,Warning,SEN044,No Attack
1943,18,8,2,5,25,97,Active,Warning,SEN035,No Attack
325,7,4,5,6,12,3,Overloaded,Critical,SEN042,Cyber Attack
164,7,0,7,8,3,6,Overloaded,Critical,SEN019,Cyber Attack
2122,19,8,4,2,34,72,Active,Normal,SEN045,No Attack
410,8,3,9,10,3,3,Overloaded,Critical,SEN036,Cyber Attack
2445,11,6,2,2,35,34,Active,Warning,SEN050,No Attack
2158,126,6,2,4,33,57,Idle,Warning,SEN001,No Attack
1304,54,7,1,0,27,23,Active,Normal,SEN021,No Attack
2267,198,8,2,3,26,23,Idle,Normal,SEN041,No Attack
1176,163,7,2,4,22,33,Active,Normal,SEN002,No Attack
1948,45,8,3,5,24,38,Active,Normal,SEN010,No Attack
1874,111,8,4,4,30,38,Active,Normal,SEN036,No Attack
2518,87,8,1,2,23,71,Active,Normal,SEN029,No Attack
2738,74,7,2,0,32,49,Active,Warning,SEN007,No Attack
2156,86,8,3,2,28,56,Idle,Normal,SEN020,No Attack
1587,162,7,2,3,22,83,Active,Normal,SEN041,No Attack
2222,45,6,1,3,29,44,Idle,Warning,SEN024,No Attack
2219,141,7,4,4,29,99,Active,Normal,SEN048,No Attack
2990,159,8,3,0,27,69,Idle,Warning,SEN043,No Attack
1005,191,7,3,0,22,41,Idle,Warning,SEN043,No Attack
1916,75,7,1,4,21,95,Active,Warning,SEN035,No Attack
440,1,1,5,9,12,5,Overloaded,Critical,SEN025,Cyber Attack
1893,64,7,4,1,31,89,Idle,Warning,SEN019,No Attack
478,6,3,10,7,14,8,Overloaded,Critical,SEN037,Cyber Attack
2489,120,6,3,0,22,27,Active,Warning,SEN017,No Attack
150,2,1,7,10,14,4,Overloaded,Critical,SEN038,Cyber Attack
2577,75,8,2,3,25,78,Idle,Normal,SEN032,No Attack
1684,114,7,1,2,27,52,Active,Normal,SEN034,No Attack
323,2,4,6,10,0,7,Overloaded,Critical,SEN048,Cyber Attack
2303,144,8,2,5,26,99,Active,Warning,SEN050,No Attack
1373,95,7,2,5,24,62,Idle,Normal,SEN042,No Attack
2425,156,6,1,4,24,69,Active,Warning,SEN022,No Attack
1090,108,6,3,4,21,21,Active,Warning,SEN024,No Attack
1778,43,7,2,5,22,53,Active,Normal,SEN038,No Attack
2617,116,7,4,3,22,65,Idle,Warning,SEN017,No Attack
1751,190,6,2,5,25,34,Active,Warning,SEN015,No Attack
1594,198,8,3,2,23,99,Active,Warning,SEN002,No Attack
2147,151,6,1,4,28,34,Active,Warning,SEN011,No Attack
2450,28,7,4,2,34,97,Idle,Normal,SEN001,No Attack
2983,138,8,4,2,33,46,Active,Normal,SEN021,No Attack
2007,112,8,3,4,27,96,Active,Normal,SEN042,No Attack
2899,199,6,3,4,29,55,Active,Normal,SEN020,No Attack
1148,156,6,1,4,29,74,Active,Normal,SEN002,No Attack
1966,105,7,2,3,20,90,Active,Warning,SEN014,No Attack
2429,168,8,3,2,26,79,Idle,Normal,SEN044,No Attack
1353,69,6,3,5,28,65,Active,Warning,SEN019,No Attack
1733,23,6,1,2,35,55,Active,Normal,SEN019,No Attack
153,2,0,7,7,8,0,Overloaded,Critical,SEN009,Cyber Attack
38,0,4,10,7,10,3,Overloaded,Critical,SEN049,Cyber Attack
2979,144,8,4,2,26,75,Idle,Warning,SEN026,No Attack
1110,56,6,3,4,29,68,Active,Normal,SEN029,No Attack
1521,100,6,2,4,22,65,Idle,Normal,SEN012,No Attack
156,8,3,5,9,4,3,Overloaded,Critical,SEN021,Cyber Attack
192,8,4,10,10,1,2,Overloaded,Critical,SEN009,Cyber Attack
301,1,3,10,9,4,0,Overloaded,Critical,SEN033,Cyber Attack
2006,195,7,3,0,27,97,Idle,Warning,SEN029,No Attack
2156,50,8,1,5,35,55,Active,Warning,SEN032,No Attack
1245,29,6,4,5,26,59,Idle,Normal,SEN019,No Attack
2406,70,6,3,2,27,100,Active,Warning,SEN034,No Attack
2848,85,7,1,1,30,43,Idle,Normal,SEN003,No Attack
2122,84,6,2,5,30,92,Idle,Warning,SEN025,No Attack
92,7,2,8,10,13,7,Overloaded,Critical,SEN030,Cyber Attack
2124,88,7,4,2,22,32,Active,Normal,SEN018,No Attack
1407,180,6,1,1,24,68,Active,Normal,SEN020,No Attack
2579,176,7,3,5,33,43,Idle,Normal,SEN036,No Attack
1797,25,8,2,4,31,97,Active,Normal,SEN026,No Attack
0,4,3,7,10,8,4,Overloaded,Critical,SEN022,Cyber Attack
2247,168,7,1,4,27,83,Active,Normal,SEN016,No Attack
2798,127,8,4,0,20,64,Active,Warning,SEN025,No Attack
315,9,1,7,10,7,9,Overloaded,Critical,SEN020,Cyber Attack
1597,187,6,3,1,30,69,Idle,Normal,SEN042,No Attack
1593,28,6,4,5,28,65,Idle,Warning,SEN005,No Attack
1423,48,6,2,2,34,71,Idle,Normal,SEN027,No Attack
1997,42,6,1,4,28,96,Active,Normal,SEN034,No Attack
2929,154,7,4,5,33,90,Idle,Normal,SEN029,No Attack
1008,14,6,2,5,31,83,Idle,Normal,SEN018,No Attack
2891,91,6,1,0,32,31,Idle,Normal,SEN031,No Attack
2126,57,6,2,3,20,52,Active,Normal,SEN045,No Attack
1289,18,8,4,3,24,25,Idle,Normal,SEN041,No Attack
2815,61,7,4,4,21,36,Active,Warning,SEN035,No Attack
2821,124,8,3,0,21,88,Idle,Normal,SEN041,No Attack
1530,78,6,3,3,21,34,Active,Warning,SEN008,No Attack
79,5,5,10,10,13,6,Overloaded,Critical,SEN046,Cyber Attack
2243,72,6,4,2,35,32,Active,Normal,SEN025,No Attack
2729,168,6,3,3,23,49,Idle,Normal,SEN012,No Attack
197,8,5,5,10,5,0,Overloaded,Critical,SEN005,Cyber Attack
2415,160,8,2,2,27,84,Active,Normal,SEN043,No Attack
1060,196,8,2,4,23,92,Idle,Warning,SEN041,No Attack
306,6,1,5,8,4,0,Overloaded,Critical,SEN006,Cyber Attack
2894,99,8,1,0,20,44,Active,Warning,SEN017,No Attack
2696,174,8,3,2,22,93,Active,Normal,SEN012,No Attack
407,4,1,7,8,8,0,Overloaded,Critical,SEN008,Cyber Attack
2983,16,6,1,0,33,33,Active,Warning,SEN016,No Attack
1196,117,7,1,2,26,69,Active,Warning,SEN009,No Attack
2698,151,6,1,5,26,51,Active,Normal,SEN032,No Attack
1593,102,6,3,0,32,55,Idle,Warning,SEN011,No Attack
1228,93,6,1,1,24,24,Active,Warning,SEN019,No Attack
2147,50,7,3,5,29,86,Active,Warning,SEN028,No Attack
2675,184,6,4,5,26,95,Idle,Normal,SEN036,No Attack
2584,181,8,1,0,32,22,Idle,Normal,SEN023,No Attack
2266,10,8,4,4,26,49,Active,Warning,SEN035,No Attack
1824,29,6,2,1,20,38,Idle,Normal,SEN003,No Attack
428,5,2,10,7,15,7,Overloaded,Critical,SEN034,Cyber Attack
2894,19,6,1,3,33,65,Active,Warning,SEN045,No Attack
1928,118,8,4,5,20,48,Active,Warning,SEN025,No Attack
1756,185,8,2,4,31,54,Idle,Warning,SEN019,No Attack
434,9,3,7,9,0,1,Overloaded,Critical,SEN008,Cyber Attack
1957,117,7,1,0,25,31,Idle,Normal,SEN037,No Attack
1249,43,6,2,0,22,97,Active,Warning,SEN021,No Attack
1344,78,7,4,1,34,61,Active,Normal,SEN005,No Attack
1935,102,6,3,2,21,81,Idle,Normal,SEN016,No Attack
262,0,4,7,8,3,7,Overloaded,Critical,SEN019,Cyber Attack
1223,137,6,2,0,20,21,Idle,Normal,SEN039,No Attack
2763,18,6,3,0,32,55,Idle,Normal,SEN002,No Attack
1321,153,8,4,2,34,98,Idle,Normal,SEN035,No Attack
2150,27,7,4,3,30,25,Active,Warning,SEN006,No Attack
1290,52,7,2,2,25,99,Idle,Warning,SEN011,No Attack
2425,14,6,3,1,31,59,Idle,Normal,SEN019,No Attack
2318,29,7,1,4,23,40,Idle,Warning,SEN025,No Attack
2629,157,7,1,5,26,66,Idle,Normal,SEN039,No Attack
1016,175,6,2,0,27,53,Idle,Warning,SEN028,No Attack
282,3,4,6,8,2,9,Overloaded,Critical,SEN026,Cyber Attack
496,2,2,9,9,4,7,Overloaded,Critical,SEN018,Cyber Attack
1181,66,8,4,1,29,85,Active,Warning,SEN047,No Attack
317,9,3,8,8,12,2,Overloaded,Critical,SEN033,Cyber Attack
1082,54,7,1,3,31,89,Active,Warning,SEN033,No Attack
2517,89,8,1,2,28,68,Active,Warning,SEN030,No Attack
1600,134,6,2,0,30,36,Active,Normal,SEN025,No Attack
1473,83,7,3,0,28,77,Active,Normal,SEN032,No Attack
1629,156,8,1,3,35,61,Idle,Warning,SEN001,No Attack
426,9,0,8,10,10,10,Overloaded,Critical,SEN045,Cyber Attack
2158,52,7,1,0,29,42,Active,Warning,SEN032,No Attack
2040,130,7,2,5,20,25,Active,Warning,SEN046,No Attack
1796,50,7,2,0,33,78,Idle,Warning,SEN002,No Attack
268,3,1,6,10,1,3,Overloaded,Critical,SEN011,Cyber Attack
1401,162,7,2,5,33,84,Idle,Warning,SEN031,No Attack
2322,82,7,3,3,20,84,Idle,Warning,SEN032,No Attack
1311,27,7,3,5,29,64,Idle,Normal,SEN029,No Attack
1447,25,6,2,4,27,89,Idle,Normal,SEN046,No Attack
1114,75,6,1,1,28,74,Idle,Warning,SEN038,No Attack
1265,77,7,1,4,28,26,Active,Normal,SEN039,No Attack
414,7,4,10,9,2,1,Overloaded,Critical,SEN050,Cyber Attack
1533,51,6,3,1,24,32,Active,Warning,SEN039,No Attack
300,7,2,10,7,0,10,Overloaded,Critical,SEN019,Cyber Attack
2092,140,6,2,3,27,28,Idle,Warning,SEN043,No Attack
2272,76,8,4,4,30,92,Idle,Warning,SEN043,No Attack
2995,48,8,3,1,26,66,Idle,Normal,SEN044,No Attack
2248,143,8,3,3,26,87,Idle,Normal,SEN028,No Attack
99,2,5,7,7,7,4,Overloaded,Critical,SEN022,Cyber Attack
2009,74,6,2,5,31,75,Idle,Normal,SEN003,No Attack
2844,15,8,1,3,25,63,Active,Warning,SEN006,No Attack
2423,49,6,4,3,21,70,Active,Warning,SEN009,No Attack
1363,98,6,3,4,30,97,Idle,Warning,SEN042,No Attack
446,5,2,8,6,4,1,Overloaded,Critical,SEN006,Cyber Attack
2049,88,6,1,3,21,22,Idle,Warning,SEN033,No Attack
1421,132,8,3,3,29,54,Active,Warning,SEN021,No Attack
1676,130,8,1,4,27,57,Idle,Normal,SEN050,No Attack
2238,87,8,2,0,21,80,Active,Normal,SEN031,No Attack
252,6,0,5,10,14,4,Overloaded,Critical,SEN006,Cyber Attack
2084,48,7,2,4,25,62,Active,Warning,SEN004,No Attack
1556,167,6,2,3,29,23,Active,Normal,SEN036,No Attack
1645,174,7,1,1,25,71,Idle,Normal,SEN035,No Attack
1560,124,8,3,0,28,34,Active,Warning,SEN033,No Attack
1802,54,8,3,2,22,40,Idle,Warning,SEN022,No Attack
2163,200,8,4,4,29,51,Active,Warning,SEN008,No Attack
16,4,4,7,7,14,8,Overloaded,Critical,SEN023,Cyber Attack
1102,187,6,4,4,35,37,Active,Normal,SEN049,No Attack
2447,68,8,3,0,24,37,Active,Normal,SEN025,No Attack
1906,137,6,2,3,29,21,Idle,Normal,SEN037,No Attack
2480,39,8,3,2,29,57,Idle,Warning,SEN007,No Attack
2576,88,8,2,5,26,85,Active,Warning,SEN031,No Attack
60,1,3,10,6,5,4,Overloaded,Critical,SEN027,Cyber Attack
2419,27,8,1,0,34,100,Idle,Warning,SEN037,No Attack
2297,192,8,3,5,24,72,Idle,Warning,SEN048,No Attack
2454,47,8,1,2,25,39,Active,Warning,SEN033,No Attack
1431,94,6,2,4,29,95,Idle,Warning,SEN034,No Attack
2542,176,8,2,2,26,45,Active,Normal,SEN020,No Attack
1264,142,7,4,2,30,55,Idle,Normal,SEN045,No Attack
418,3,2,5,8,7,10,Overloaded,Critical,SEN039,Cyber Attack
1385,30,7,4,4,22,93,Idle,Normal,SEN028,No Attack
3,7,3,10,8,5,4,Overloaded,Critical,SEN002,Cyber Attack
2952,93,6,2,5,20,78,Active,Warning,SEN020,No Attack
2326,110,7,1,1,30,70,Idle,Warning,SEN050,No Attack
1489,190,8,1,2,25,95,Active,Warning,SEN035,No Attack
273,0,5,9,10,0,9,Overloaded,Critical,SEN011,Cyber Attack
2051,47,6,2,1,30,70,Active,Warning,SEN026,No Attack
441,5,0,6,9,6,3,Overloaded,Critical,SEN018,Cyber Attack
1555,69,6,3,1,30,47,Active,Warning,SEN028,No Attack
1645,84,6,4,1,35,20,Idle,Normal,SEN001,No Attack
1875,192,8,4,2,24,73,Idle,Normal,SEN021,No Attack
1309,44,6,2,0,20,80,Active,Warning,SEN017,No Attack
1527,102,6,4,0,20,78,Idle,Warning,SEN002,No Attack
1687,102,7,3,4,29,34,Active,Warning,SEN004,No Attack
2314,46,8,3,0,26,84,Active,Normal,SEN012,No Attack
2833,136,6,2,5,30,88,Idle,Warning,SEN037,No Attack
2686,118,8,2,0,23,26,Idle,Warning,SEN040,No Attack
1733,110,6,3,2,28,51,Idle,Normal,SEN016,No Attack
1453,64,7,1,4,33,86,Idle,Normal,SEN026,No Attack
31,9,4,10,9,13,6,Overloaded,Critical,SEN013,Cyber Attack
1201,179,8,4,4,31,36,Active,Warning,SEN029,No Attack
212,5,1,5,7,2,9,Overloaded,Critical,SEN044,Cyber Attack
1507,112,8,2,4,20,51,Active,Warning,SEN014,No Attack
246,6,1,7,6,7,0,Overloaded,Critical,SEN018,Cyber Attack
2577,150,8,4,3,35,32,Active,Normal,SEN049,No Attack
1428,26,6,4,3,31,23,Active,Normal,SEN043,No Attack
2661,40,7,2,0,20,65,Idle,Normal,SEN043,No Attack
1848,131,7,2,1,33,84,Idle,Warning,SEN028,No Attack
2567,24,6,3,4,27,90,Active,Warning,SEN038,No Attack
2390,158,7,3,5,35,49,Active,Normal,SEN023,No Attack
1713,196,8,1,5,28,67,Active,Warning,SEN013,No Attack
2506,186,7,3,2,29,52,Idle,Normal,SEN047,No Attack
1605,134,8,1,2,34,37,Active,Warning,SEN002,No Attack
2385,57,8,3,0,30,33,Idle,Normal,SEN021,No Attack
1309,139,7,3,1,22,56,Active,Normal,SEN035,No Attack
1006,168,7,1,5,35,54,Idle,Warning,SEN032,No Attack
2126,123,8,3,5,29,26,Active,Warning,SEN012,No Attack
2629,89,8,2,3,32,79,Active,Normal,SEN012,No Attack
189,0,5,8,10,13,5,Overloaded,Critical,SEN032,Cyber Attack
2444,134,7,2,4,31,24,Idle,Normal,SEN016,No Attack
2096,89,8,1,1,30,36,Active,Normal,SEN012,No Attack
1171,22,6,1,2,22,54,Active,Normal,SEN040,No Attack
2211,113,7,2,2,25,47,Active,Warning,SEN020,No Attack
2868,86,8,4,3,23,87,Idle,Normal,SEN006,No Attack
2594,165,8,1,1,24,60,Active,Normal,SEN007,No Attack
2942,189,6,2,5,32,44,Active,Warning,SEN029,No Attack
1477,108,8,1,3,21,53,Active,Normal,SEN022,No Attack
410,1,3,9,6,10,4,Overloaded,Critical,SEN036,Cyber Attack
497,8,0,5,8,10,10,Overloaded,Critical,SEN042,Cyber Attack
1226,195,8,4,1,29,51,Active,Normal,SEN035,No Attack
1833,70,8,1,2,29,50,Active,Normal,SEN038,No Attack
2206,21,8,3,3,27,70,Idle,Warning,SEN040,No Attack
64,4,0,7,6,7,8,Overloaded,Critical,SEN028,Cyber Attack
2109,179,8,2,3,27,30,Idle,Warning,SEN026,No Attack
2426,179,8,1,3,27,60,Idle,Normal,SEN038,No Attack
1260,44,7,2,5,25,86,Idle,Warning,SEN022,No Attack
2724,20,8,1,1,31,33,Idle,Warning,SEN048,No Attack
2378,185,6,4,3,23,31,Active,Normal,SEN043,No Attack
1755,16,8,1,5,34,31,Active,Normal,SEN044,No Attack
253,8,0,5,6,12,4,Overloaded,Critical,SEN014,Cyber Attack
2748,179,8,2,5,23,78,Active,Warning,SEN050,No Attack
1351,146,8,1,5,35,45,Active,Normal,SEN023,No Attack
2447,72,8,2,5,31,42,Idle,Warning,SEN009,No Attack
1016,163,8,4,3,25,85,Idle,Warning,SEN016,No Attack
1355,101,7,4,4,27,34,Idle,Warning,SEN036,No Attack
155,3,4,7,8,7,5,Overloaded,Critical,SEN001,Cyber Attack
2752,77,6,3,3,22,27,Active,Warning,SEN048,No Attack
2310,79,8,2,4,21,35,Active,Warning,SEN007,No Attack
1004,105,6,1,3,21,40,Idle,Warning,SEN009,No Attack
1746,175,8,1,3,22,37,Idle,Normal,SEN032,No Attack
89,0,5,7,6,11,0,Overloaded,Critical,SEN011,Cyber Attack
2134,71,7,4,4,31,27,Active,Normal,SEN046,No Attack
1265,35,7,2,2,35,29,Idle,Normal,SEN018,No Attack
2735,145,7,2,4,24,42,Idle,Normal,SEN036,No Attack
2022,114,8,3,4,28,69,Idle,Warning,SEN008,No Attack
463,0,4,7,10,8,8,Overloaded,Critical,SEN016,Cyber Attack
234,9,5,5,8,2,10,Overloaded,Critical,SEN046,Cyber Attack
2883,51,7,4,1,29,85,Idle,Warning,SEN018,No Attack
1000,31,8,3,3,32,78,Idle,Normal,SEN011,No Attack
2659,167,8,3,0,30,51,Idle,Warning,SEN034,No Attack
2763,96,7,4,0,30,52,Active,Normal,SEN007,No Attack
1610,40,8,4,4,28,82,Idle,Normal,SEN044,No Attack
398,3,5,10,6,14,7,Overloaded,Critical,SEN019,Cyber Attack
54,6,2,8,10,1,2,Overloaded,Critical,SEN031,Cyber Attack
2969,116,6,2,1,32,32,Idle,Normal,SEN050,No Attack
1212,12,6,3,0,30,28,Idle,Warning,SEN042,No Attack
1757,77,8,3,3,31,43,Idle,Warning,SEN030,No Attack
2919,126,8,4,3,30,85,Active,Normal,SEN036,No Attack
1546,132,8,2,4,29,100,Active,Normal,SEN010,No Attack
161,10,0,5,7,12,10,Overloaded,Critical,SEN029,Cyber Attack
116,2,0,7,7,9,2,Overloaded,Critical,SEN032,Cyber Attack
2712,182,6,4,5,31,78,Idle,Normal,SEN028,No Attack
1551,108,8,1,4,33,49,Idle,Normal,SEN041,No Attack
1519,66,7,2,0,32,78,Active,Normal,SEN013,No Attack
2823,195,8,3,0,22,22,Idle,Normal,SEN047,No Attack
2024,150,7,2,5,28,69,Active,Warning,SEN027,No Attack
1097,91,8,1,1,33,42,Idle,Warning,SEN022,No Attack
270,4,4,9,7,4,3,Overloaded,Critical,SEN042,Cyber Attack
394,4,2,8,7,3,10,Overloaded,Critical,SEN033,Cyber Attack
2701,186,8,2,1,33,25,Active,Warning,SEN005,No Attack
1967,57,7,1,4,32,23,Active,Warning,SEN024,No Attack
2009,43,8,2,3,27,22,Active,Warning,SEN008,No Attack
351,10,4,9,7,0,10,Overloaded,Critical,SEN026,Cyber Attack
1448,34,8,3,1,35,89,Active,Warning,SEN038,No Attack
1582,10,6,2,0,33,68,Idle,Warning,SEN029,No Attack
1776,49,7,3,4,22,48,Idle,Warning,SEN040,No Attack
1872,57,7,3,5,31,63,Active,Warning,SEN050,No Attack
17,8,3,9,8,0,8,Overloaded,Critical,SEN034,Cyber Attack
1776,127,7,4,3,27,37,Active,Normal,SEN045,No Attack
2498,199,6,3,3,20,50,Active,Normal,SEN006,No Attack
137,10,2,6,9,10,0,Overloaded,Critical,SEN008,Cyber Attack
62,7,4,8,8,13,2,Overloaded,Critical,SEN046,Cyber Attack
15,5,3,6,7,0,9,Overloaded,Critical,SEN028,Cyber Attack
2084,179,6,3,1,20,73,Active,Warning,SEN049,No Attack
2535,73,6,2,1,28,80,Idle,Warning,SEN039,No Attack
1708,171,6,2,1,32,27,Active,Normal,SEN035,No Attack
487,3,0,6,6,13,0,Overloaded,Critical,SEN041,Cyber Attack
2773,148,7,2,1,27,24,Idle,Normal,SEN007,No Attack
2546,157,7,4,4,28,79,Idle,Normal,SEN026,No Attack
1070,51,7,3,1,26,33,Active,Warning,SEN028,No Attack
420,0,4,9,10,4,9,Overloaded,Critical,SEN017,Cyber Attack
1017,156,8,3,2,34,64,Active,Normal,SEN016,No Attack
269,2,5,9,7,4,7,Overloaded,Critical,SEN028,Cyber Attack
2585,45,8,4,1,25,75,Idle,Normal,SEN003,No Attack
1199,183,6,2,3,24,36,Idle,Normal,SEN027,No Attack
1134,31,6,3,5,21,37,Idle,Warning,SEN045,No Attack
499,9,4,6,9,1,5,Overloaded,Critical,SEN022,Cyber Attack
1534,189,8,4,2,27,27,Active,Warning,SEN012,No Attack
1070,20,6,2,3,32,76,Idle,Warning,SEN008,No Attack
419,9,5,9,9,5,10,Overloaded,Critical,SEN013,Cyber Attack
1671,199,7,2,3,25,20,Active,Warning,SEN040,No Attack
1824,89,7,2,5,24,87,Active,Normal,SEN014,No Attack
1363,148,6,2,0,28,32,Active,Normal,SEN050,No Attack
368,9,5,8,9,1,10,Overloaded,Critical,SEN025,Cyber Attack
1823,163,7,2,0,20,68,Idle,Normal,SEN039,No Attack
1658,18,8,2,1,21,43,Active,Warning,SEN019,No Attack
2983,189,6,4,5,29,51,Idle,Normal,SEN027,No Attack
2390,112,8,4,4,22,96,Idle,Warning,SEN047,No Attack
1511,126,8,4,2,26,81,Active,Normal,SEN015,No Attack
2924,53,6,1,3,22,63,Active,Normal,SEN037,No Attack
62,10,0,6,9,6,3,Overloaded,Critical,SEN036,Cyber Attack
1941,65,7,1,0,31,86,Idle,Warning,SEN037,No Attack
2212,141,7,2,2,20,63,Active,Normal,SEN026,No Attack
328,9,2,10,8,13,2,Overloaded,Critical,SEN003,Cyber Attack
172,2,0,8,10,12,6,Overloaded,Critical,SEN002,Cyber Attack
1382,31,6,1,4,28,72,Active,Normal,SEN003,No Attack
1976,141,8,1,1,27,56,Active,Normal,SEN048,No Attack
1112,198,7,1,5,29,100,Active,Normal,SEN043,No Attack
2102,62,6,2,5,20,58,Idle,Warning,SEN004,No Attack
1639,130,6,1,0,22,87,Active,Normal,SEN037,No Attack
1735,113,6,2,4,30,36,Idle,Normal,SEN035,No Attack
2585,146,8,2,2,20,67,Idle,Warning,SEN027,No Attack
2922,173,8,3,0,33,86,Active,Warning,SEN030,No Attack
1363,11,8,1,3,32,94,Idle,Normal,SEN010,No Attack
189,10,2,7,8,4,0,Overloaded,Critical,SEN007,Cyber Attack
305,7,3,7,8,5,7,Overloaded,Critical,SEN006,Cyber Attack
1786,39,7,4,4,33,43,Active,Warning,SEN011,No Attack
56,9,0,7,6,0,10,Overloaded,Critical,SEN001,Cyber Attack
1257,68,8,1,5,31,35,Idle,Warning,SEN030,No Attack
2315,166,8,3,5,31,73,Idle,Warning,SEN022,No Attack
19,9,3,6,8,5,10,Overloaded,Critical,SEN030,Cyber Attack
2607,138,6,4,2,35,37,Active,Warning,SEN030,No Attack
2556,27,8,1,5,26,32,Active,Warning,SEN047,No Attack
457,7,5,10,9,5,6,Overloaded,Critical,SEN025,Cyber Attack
1472,74,8,3,0,24,47,Idle,Warning,SEN039,No Attack
372,0,0,5,9,1,7,Overloaded,Critical,SEN001,Cyber Attack
1103,192,8,3,3,33,69,Idle,Warning,SEN026,No Attack
1505,66,8,2,2,26,95,Active,Warning,SEN048,No Attack
1588,61,8,3,3,32,49,Idle,Normal,SEN023,No Attack
1614,176,7,4,0,28,59,Active,Normal,SEN039,No Attack
1823,137,8,3,0,26,54,Idle,Normal,SEN040,No Attack
1107,99,6,1,2,34,82,Idle,Normal,SEN036,No Attack
2243,185,6,4,5,25,63,Active,Normal,SEN010,No Attack
2168,70,7,1,3,24,62,Idle,Normal,SEN038,No Attack
31,2,1,7,8,9,3,Overloaded,Critical,SEN035,Cyber Attack
2483,161,7,4,3,26,92,Active,Normal,SEN044,No Attack
1983,71,8,3,5,28,77,Active,Normal,SEN017,No Attack
2287,198,7,4,2,22,42,Active,Normal,SEN042,No Attack
1411,135,8,4,4,20,67,Active,Normal,SEN018,No Attack
1789,25,8,3,1,21,98,Idle,Warning,SEN024,No Attack
1347,16,8,2,0,24,50,Idle,Warning,SEN021,No Attack
2175,118,8,3,5,30,73,Active,Warning,SEN037,No Attack
207,8,0,10,8,1,3,Overloaded,Critical,SEN022,Cyber Attack
1032,125,6,1,4,25,29,Idle,Warning,SEN014,No Attack
264,6,1,10,10,3,6,Overloaded,Critical,SEN002,Cyber Attack
1982,122,7,1,5,31,42,Active,Normal,SEN003,No Attack
2878,100,8,3,1,27,90,Active,Warning,SEN037,No Attack
2087,153,6,4,4,30,93,Active,Normal,SEN037,No Attack
19,3,5,5,10,8,9,Overloaded,Critical,SEN007,Cyber Attack
132,3,4,7,10,15,0,Overloaded,Critical,SEN033,Cyber Attack
2826,104,7,3,5,29,33,Idle,Normal,SEN040,No Attack
1814,61,6,3,1,21,35,Idle,Warning,SEN046,No Attack
1413,68,7,4,0,24,42,Idle,Warning,SEN018,No Attack
2965,175,7,3,2,35,35,Idle,Warning,SEN039,No Attack
2226,185,7,2,4,30,98,Idle,Normal,SEN046,No Attack
2798,54,8,3,5,26,41,Idle,Warning,SEN045,No Attack
2370,157,8,1,5,22,21,Active,Warning,SEN009,No Attack
2586,154,8,3,3,26,68,Active,Warning,SEN031,No Attack
1263,195,7,3,1,31,37,Idle,Warning,SEN025,No Attack
1678,93,6,1,3,23,72,Idle,Normal,SEN007,No Attack
2747,17,7,1,3,35,62,Idle,Warning,SEN010,No Attack
2861,66,8,2,5,20,84,Active,Normal,SEN021,No Attack
2390,194,6,2,5,35,29,Active,Warning,SEN014,No Attack
1476,14,6,1,0,25,91,Idle,Normal,SEN002,No Attack
94,10,0,5,9,11,4,Overloaded,Critical,SEN048,Cyber Attack
1389,182,7,3,4,30,70,Idle,Normal,SEN050,No Attack
1951,90,8,1,4,33,67,Idle,Warning,SEN037,No Attack
1215,37,7,1,3,33,31,Active,Normal,SEN009,No Attack
2305,51,6,3,2,35,20,Active,Warning,SEN042,No Attack
1996,19,7,3,0,32,71,Idle,Warning,SEN034,No Attack
1531,162,7,4,5,26,72,Active,Normal,SEN015,No Attack
2701,99,6,4,5,22,76,Active,Warning,SEN017,No Attack
495,9,0,7,6,2,10,Overloaded,Critical,SEN041,Cyber Attack
450,6,4,6,6,12,4,Overloaded,Critical,SEN050,Cyber Attack
1444,158,7,3,3,22,90,Idle,Warning,SEN046,No Attack
1456,108,8,4,5,30,69,Active,Warning,SEN008,No Attack
2851,61,7,3,0,29,96,Idle,Warning,SEN015,No Attack
78,2,2,8,6,8,2,Overloaded,Critical,SEN023,Cyber Attack
1880,138,7,4,0,31,33,Active,Warning,SEN004,No Attack
2018,63,7,1,3,34,88,Idle,Normal,SEN017,No Attack
2679,99,8,4,5,31,69,Active,Normal,SEN011,No Attack
1951,60,7,1,1,32,42,Active,Warning,SEN043,No Attack
1265,151,8,4,0,34,65,Active,Warning,SEN008,No Attack
2231,146,7,4,0,30,94,Active,Warning,SEN017,No Attack
2047,101,7,2,1,21,72,Active,Normal,SEN049,No Attack
2698,98,6,4,3,28,50,Active,Warning,SEN031,No Attack
1778,42,8,3,2,22,81,Active,Normal,SEN014,No Attack
1475,88,8,3,3,26,47,Idle,Warning,SEN033,No Attack
1751,191,8,4,2,35,70,Active,Warning,SEN028,No Attack
2580,33,7,2,3,28,49,Active,Warning,SEN019,No Attack
1686,191,6,3,1,34,77,Active,Normal,SEN020,No Attack
2501,41,6,2,5,35,24,Idle,Normal,SEN010,No Attack
2214,188,6,1,2,26,37,Idle,Warning,SEN032,No Attack
1385,89,7,1,5,34,72,Idle,Warning,SEN048,No Attack
2510,64,6,4,2,29,80,Idle,Normal,SEN047,No Attack
1735,44,7,2,2,21,24,Idle,Warning,SEN003,No Attack
2466,124,7,2,0,21,24,Idle,Normal,SEN048,No Attack
1135,35,8,1,1,26,20,Idle,Normal,SEN002,No Attack
2506,133,6,2,5,29,43,Active,Warning,SEN006,No Attack
2885,69,6,4,2,35,28,Idle,Warning,SEN026,No Attack
1016,45,8,4,1,34,68,Idle,Normal,SEN017,No Attack
1891,12,8,1,4,24,98,Active,Warning,SEN010,No Attack
2479,180,8,1,5,30,80,Active,Normal,SEN039,No Attack
2441,139,7,4,2,34,94,Active,Normal,SEN031,No Attack
1264,164,7,4,5,28,46,Active,Normal,SEN004,No Attack
1218,183,7,1,0,34,84,Active,Normal,SEN035,No Attack
1642,189,7,3,0,34,78,Idle,Normal,SEN015,No Attack
137,5,0,10,9,8,5,Overloaded,Critical,SEN002,Cyber Attack
1035,57,7,3,3,31,93,Idle,Normal,SEN015,No Attack
1882,105,6,3,2,20,54,Idle,Warning,SEN016,No Attack
1508,181,7,4,0,25,36,Idle,Warning,SEN026,No Attack
1117,28,6,2,0,30,44,Idle,Normal,SEN043,No Attack
131,0,3,9,8,12,6,Overloaded,Critical,SEN036,Cyber Attack
427,1,3,6,9,2,0,Overloaded,Critical,SEN035,Cyber Attack
81,9,5,10,8,8,3,Overloaded,Critical,SEN008,Cyber Attack
207,6,0,6,8,8,8,Overloaded,Critical,SEN011,Cyber Attack
1308,185,7,2,1,34,54,Idle,Warning,SEN005,No Attack
1517,87,8,1,3,34,91,Active,Normal,SEN042,No Attack
226,6,2,6,10,6,10,Overloaded,Critical,SEN045,Cyber Attack
468,9,5,7,6,9,7,Overloaded,Critical,SEN025,Cyber Attack
2263,111,7,2,3,31,55,Active,Normal,SEN037,No Attack
2000,123,7,3,5,21,88,Idle,Normal,SEN025,No Attack
470,1,2,9,9,10,1,Overloaded,Critical,SEN006,Cyber Attack
323,0,3,5,9,1,10,Overloaded,Critical,SEN009,Cyber Attack
1039,72,6,4,5,22,57,Active,Normal,SEN011,No Attack
1122,162,7,3,4,24,30,Active,Warning,SEN008,No Attack
1724,12,8,1,5,27,48,Active,Warning,SEN004,No Attack
215,9,1,8,10,15,3,Overloaded,Critical,SEN050,Cyber Attack
359,5,4,9,8,13,0,Overloaded,Critical,SEN028,Cyber Attack
1931,124,7,1,3,32,37,Active,Warning,SEN009,No Attack
2368,26,8,4,5,26,79,Idle,Warning,SEN036,No Attack
56,7,3,7,8,2,4,Overloaded,Critical,SEN036,Cyber Attack
2495,36,6,1,5,32,45,Active,Warning,SEN043,No Attack
174,6,1,9,9,3,3,Overloaded,Critical,SEN003,Cyber Attack
2419,97,7,2,5,20,30,Active,Normal,SEN021,No Attack
1789,121,6,1,5,29,42,Idle,Normal,SEN026,No Attack
1760,83,7,2,5,26,68,Active,Warning,SEN012,No Attack
380,4,4,7,9,4,0,Overloaded,Critical,SEN023,Cyber Attack
27,7,5,10,10,0,5,Overloaded,Critical,SEN016,Cyber Attack
1911,30,6,3,1,28,46,Idle,Normal,SEN009,No Attack
1237,200,7,1,2,28,57,Active,Warning,SEN003,No Attack
1308,113,8,4,3,35,82,Active,Normal,SEN015,No Attack
2117,183,8,3,5,21,72,Idle,Normal,SEN036,No Attack
1958,200,7,3,1,26,38,Active,Normal,SEN015,No Attack
2694,65,6,3,1,23,47,Active,Normal,SEN030,No Attack
1502,117,6,4,3,20,71,Active,Warning,SEN014,No Attack
1561,112,8,3,0,23,39,Idle,Normal,SEN001,No Attack
164,0,4,7,10,6,2,Overloaded,Critical,SEN041,Cyber Attack
1301,67,6,3,1,32,88,Active,Normal,SEN039,No Attack
2541,126,8,1,5,24,47,Active,Normal,SEN033,No Attack
1625,145,8,1,3,22,96,Active,Normal,SEN015,No Attack
23,3,3,7,10,3,8,Overloaded,Critical,SEN026,Cyber Attack
1881,108,7,1,0,35,93,Active,Warning,SEN050,No Attack
1594,41,6,4,4,28,26,Idle,Warning,SEN049,No Attack
2106,105,6,4,4,35,76,Idle,Warning,SEN021,No Attack
1414,84,8,3,2,33,44,Idle,Normal,SEN040,No Attack
233,7,0,5,9,5,9,Overloaded,Critical,SEN026,Cyber Attack
34,8,4,5,6,13,5,Overloaded,Critical,SEN036,Cyber Attack
17,3,4,8,8,11,4,Overloaded,Critical,SEN043,Cyber Attack
1341,27,8,1,4,24,63,Idle,Normal,SEN033,No Attack
1531,157,8,4,3,29,27,Idle,Warning,SEN020,No Attack
1129,143,7,4,4,26,97,Active,Warning,SEN042,No Attack
1266,165,7,1,4,29,24,Idle,Normal,SEN044,No Attack
2958,82,6,1,2,22,98,Active,Normal,SEN046,No Attack
222,7,3,6,7,7,8,Overloaded,Critical,SEN009,Cyber Attack
1399,34,6,4,5,25,73,Idle,Normal,SEN023,No Attack
1225,57,7,3,4,27,96,Idle,Normal,SEN010,No Attack
2731,73,6,4,2,22,39,Active,Normal,SEN035,No Attack
1696,187,8,3,5,34,77,Idle,Normal,SEN014,No Attack
1813,88,7,4,5,24,71,Active,Normal,SEN038,No Attack
2916,12,7,3,5,24,25,Idle,Warning,SEN026,No Attack
2272,121,7,3,0,34,28,Idle,Normal,SEN015,No Attack
2333,183,7,3,0,34,57,Active,Normal,SEN031,No Attack
1749,31,7,3,4,34,59,Active,Warning,SEN047,No Attack
1647,139,7,1,4,22,63,Idle,Warning,SEN040,No Attack
2800,12,8,1,2,21,55,Idle,Normal,SEN045,No Attack
2980,182,7,2,5,28,52,Active,Normal,SEN023,No Attack
1952,135,7,1,1,29,55,Idle,Normal,SEN019,No Attack
2091,170,8,4,3,34,46,Idle,Warning,SEN049,No Attack
1973,118,8,3,2,20,42,Active,Warning,SEN047,No Attack
174,1,1,10,9,0,0,Overloaded,Critical,SEN031,Cyber Attack
1340,182,8,1,2,30,72,Idle,Warning,SEN049,No Attack
2804,72,7,2,4,31,35,Idle,Warning,SEN012,No Attack
2193,149,8,2,4,31,39,Idle,Normal,SEN002,No Attack
455,5,4,6,8,13,4,Overloaded,Critical,SEN037,Cyber Attack
2010,21,8,1,3,31,76,Active,Normal,SEN019,No Attack
2212,43,6,2,4,22,50,Idle,Normal,SEN031,No Attack
1441,28,8,4,3,35,26,Idle,Warning,SEN047,No Attack
2738,193,8,2,1,31,33,Active,Warning,SEN003,No Attack
1044,191,8,1,0,28,54,Idle,Normal,SEN034,No Attack
1247,27,6,1,0,22,66,Idle,Normal,SEN002,No Attack
1767,100,7,2,4,33,76,Active,Warning,SEN019,No Attack
1473,156,8,3,0,26,77,Idle,Warning,SEN040,No Attack
2261,152,7,3,0,31,45,Idle,Warning,SEN020,No Attack
405,1,0,9,7,11,5,Overloaded,Critical,SEN048,Cyber Attack
1334,197,8,1,4,33,93,Idle,Warning,SEN032,No Attack
2236,90,6,4,5,28,42,Idle,Normal,SEN009,No Attack
1741,169,8,2,4,21,93,Idle,Warning,SEN032,No Attack
2990,20,7,2,4,29,89,Active,Normal,SEN047,No Attack
1522,67,6,3,1,29,81,Active,Normal,SEN012,No Attack
1042,75,8,4,5,31,25,Active,Warning,SEN038,No Attack
1934,125,6,1,0,34,90,Idle,Normal,SEN013,No Attack
458,7,4,9,9,15,0,Overloaded,Critical,SEN047,Cyber Attack
298,1,3,9,8,14,5,Overloaded,Critical,SEN046,Cyber Attack
1361,42,7,3,3,34,93,Idle,Normal,SEN050,No Attack
2539,114,6,4,5,33,37,Active,Normal,SEN040,No Attack
442,1,5,5,7,9,6,Overloaded,Critical,SEN024,Cyber Attack
1771,199,6,4,2,24,61,Active,Warning,SEN050,No Attack
221,10,3,10,9,2,4,Overloaded,Critical,SEN021,Cyber Attack
2314,153,7,2,2,31,83,Active,Normal,SEN027,No Attack
2813,88,8,1,5,30,50,Idle,Normal,SEN033,No Attack
2232,14,8,4,5,22,89,Active,Warning,SEN046,No Attack
2060,196,6,2,1,31,69,Idle,Warning,SEN047,No Attack
2555,118,6,3,0,26,21,Idle,Normal,SEN001,No Attack
185,0,1,6,7,2,4,Overloaded,Critical,SEN041,Cyber Attack
1175,172,7,4,3,31,33,Idle,Normal,SEN019,No Attack
1791,169,6,4,4,20,60,Active,Warning,SEN038,No Attack
2640,55,7,2,0,22,36,Active,Normal,SEN031,No Attack
2523,65,7,1,5,26,92,Idle,Normal,SEN026,No Attack
2706,109,6,1,3,20,97,Active,Normal,SEN007,No Attack
2217,55,8,4,5,29,81,Active,Normal,SEN045,No Attack
1779,135,8,4,5,21,91,Idle,Warning,SEN050,No Attack
2001,90,6,1,3,23,47,Idle,Normal,SEN011,No Attack
1372,12,8,4,4,30,45,Active,Warning,SEN032,No Attack
228,10,0,5,6,6,5,Overloaded,Critical,SEN027,Cyber Attack
1014,61,6,3,5,20,28,Active,Normal,SEN031,No Attack
2324,60,8,4,4,30,97,Idle,Normal,SEN046,No Attack
1026,84,8,1,4,28,82,Idle,Normal,SEN007,No Attack
2320,164,8,2,3,23,52,Idle,Warning,SEN042,No Attack
1216,72,7,4,4,20,92,Idle,Normal,SEN024,No Attack
2604,143,6,4,1,27,86,Active,Normal,SEN024,No Attack
1980,158,7,4,2,27,47,Active,Normal,SEN037,No Attack
2924,101,7,1,0,30,30,Idle,Normal,SEN035,No Attack
202,7,1,10,10,1,8,Overloaded,Critical,SEN023,Cyber Attack
1952,95,8,2,4,24,91,Active,Warning,SEN006,No Attack
1775,25,7,3,1,29,76,Active,Warning,SEN044,No Attack
2426,83,6,1,4,23,74,Active,Normal,SEN041,No Attack
2167,86,8,3,2,21,80,Idle,Warning,SEN021,No Attack
2887,173,8,2,1,20,28,Active,Normal,SEN014,No Attack
1358,97,6,4,1,23,89,Idle,Normal,SEN005,No Attack
51,10,2,9,7,1,2,Overloaded,Critical,SEN025,Cyber Attack
472,10,5,10,8,10,7,Overloaded,Critical,SEN047,Cyber Attack
204,8,2,5,6,15,7,Overloaded,Critical,SEN014,Cyber Attack
2891,158,7,2,1,28,37,Idle,Warning,SEN045,No Attack
1089,26,7,1,0,33,36,Active,Normal,SEN010,No Attack
1217,117,7,3,2,25,91,Active,Normal,SEN022,No Attack
2572,75,7,1,2,22,32,Active,Normal,SEN035,No Attack
2597,96,6,1,4,30,83,Idle,Normal,SEN043,No Attack
462,6,4,10,7,6,5,Overloaded,Critical,SEN048,Cyber Attack
499,3,2,9,8,10,0,Overloaded,Critical,SEN028,Cyber Attack
2105,146,8,4,4,27,79,Idle,Normal,SEN014,No Attack
1399,192,7,4,1,30,81,Idle,Normal,SEN041,No Attack
1450,137,6,4,4,28,28,Idle,Normal,SEN041,No Attack
1052,129,6,3,1,35,90,Idle,Warning,SEN049,No Attack
393,9,3,7,9,3,4,Overloaded,Critical,SEN018,Cyber Attack
432,8,1,6,10,0,1,Overloaded,Critical,SEN048,Cyber Attack
474,5,2,5,8,0,0,Overloaded,Critical,SEN048,Cyber Attack
1614,167,6,4,3,35,31,Idle,Warning,SEN032,No Attack
1826,123,7,4,4,24,95,Idle,Warning,SEN021,No Attack
1370,155,8,3,4,33,23,Active,Warning,SEN008,No Attack
341,7,0,9,8,3,3,Overloaded,Critical,SEN036,Cyber Attack
1610,16,7,4,5,32,66,Active,Normal,SEN002,No Attack
2786,98,7,3,0,29,23,Idle,Normal,SEN044,No Attack
1265,84,6,3,1,35,48,Idle,Warning,SEN043,No Attack
1185,30,6,2,1,34,81,Active,Warning,SEN030,No Attack
1554,199,6,1,4,22,89,Active,Warning,SEN048,No Attack
1130,199,8,3,4,25,96,Idle,Warning,SEN007,No Attack
459,3,2,7,6,1,5,Overloaded,Critical,SEN040,Cyber Attack
1437,92,7,3,0,26,82,Active,Normal,SEN022,No Attack
492,8,2,6,9,11,1,Overloaded,Critical,SEN030,Cyber Attack
1446,32,7,4,2,22,95,Idle,Normal,SEN020,No Attack
2647,29,6,1,2,33,60,Active,Warning,SEN009,No Attack
2568,69,8,2,1,27,27,Idle,Warning,SEN030,No Attack
1955,57,8,4,1,35,71,Idle,Normal,SEN025,No Attack
2683,21,6,2,1,25,68,Active,Normal,SEN036,No Attack
1438,85,6,3,4,21,85,Idle,Warning,SEN039,No Attack
1957,192,8,2,5,28,79,Active,Normal,SEN003,No Attack
233,5,2,10,10,9,4,Overloaded,Critical,SEN015,Cyber Attack
2597,113,6,1,3,22,69,Active,Normal,SEN012,No Attack
2970,36,6,4,1,32,26,Idle,Warning,SEN012,No Attack
2035,21,8,3,2,20,63,Idle,Normal,SEN011,No Attack
2328,189,8,4,2,33,97,Idle,Warning,SEN026,No Attack
89,4,1,9,6,13,7,Overloaded,Critical,SEN047,Cyber Attack
2402,32,8,2,5,33,78,Idle,Normal,SEN030,No Attack
2867,166,6,2,1,24,57,Active,Normal,SEN032,No Attack
1667,177,8,3,3,26,86,Active,Warning,SEN023,No Attack
1267,32,8,4,5,20,73,Idle,Warning,SEN040,No Attack
209,9,1,6,6,2,4,Overloaded,Critical,SEN001,Cyber Attack
424,8,4,7,8,6,6,Overloaded,Critical,SEN012,Cyber Attack
150,6,1,6,8,3,6,Overloaded,Critical,SEN020,Cyber Attack
455,1,4,8,6,6,10,Overloaded,Critical,SEN020,Cyber Attack
1222,100,7,4,2,27,69,Idle,Normal,SEN013,No Attack
1761,12,6,2,1,30,59,Active,Warning,SEN025,No Attack
1056,198,8,2,1,29,87,Idle,Normal,SEN010,No Attack
357,7,5,5,6,9,6,Overloaded,Critical,SEN035,Cyber Attack
1125,100,7,1,0,25,98,Idle,Warning,SEN024,No Attack
1077,94,6,2,5,20,88,Idle,Warning,SEN044,No Attack
26,6,3,6,10,12,0,Overloaded,Critical,SEN038,Cyber Attack
401,9,1,6,9,11,0,Overloaded,Critical,SEN026,Cyber Attack
2924,91,6,4,2,28,91,Active,Warning,SEN030,No Attack
107,2,3,10,6,15,6,Overloaded,Critical,SEN005,Cyber Attack
2230,177,7,4,4,27,41,Active,Normal,SEN001,No Attack
1683,64,7,4,4,33,56,Active,Warning,SEN006,No Attack
1530,52,8,3,5,35,97,Idle,Warning,SEN018,No Attack
1065,137,7,4,5,31,85,Active,Normal,SEN039,No Attack
2442,186,8,3,0,23,23,Idle,Warning,SEN016,No Attack
432,0,2,5,8,6,6,Overloaded,Critical,SEN002,Cyber Attack
2759,164,6,3,3,20,30,Idle,Warning,SEN035,No Attack
1555,16,8,4,2,28,94,Active,Warning,SEN031,No Attack
127,6,3,8,10,7,4,Overloaded,Critical,SEN026,Cyber Attack
1180,113,6,4,1,29,49,Active,Normal,SEN039,No Attack
1892,45,6,2,4,34,22,Active,Normal,SEN024,No Attack
1566,182,7,1,3,23,24,Idle,Warning,SEN002,No Attack
2884,106,8,2,5,30,71,Idle,Warning,SEN044,No Attack
1324,40,7,4,4,27,36,Active,Warning,SEN024,No Attack
1388,189,7,3,1,22,100,Idle,Warning,SEN033,No Attack
1227,56,6,2,4,21,71,Idle,Warning,SEN021,No Attack
2064,153,6,1,5,32,85,Idle,Warning,SEN019,No Attack
458,3,5,6,8,11,0,Overloaded,Critical,SEN037,Cyber Attack
1326,96,6,1,5,34,39,Idle,Warning,SEN049,No Attack
2730,113,7,1,3,30,43,Active,Warning,SEN048,No Attack
2463,173,7,2,4,21,75,Active,Normal,SEN012,No Attack
53,1,4,10,7,14,2,Overloaded,Critical,SEN013,Cyber Attack
1348,153,6,1,4,20,81,Idle,Normal,SEN040,No Attack
2055,33,8,4,5,20,58,Idle,Warning,SEN008,No Attack
2188,68,6,2,5,34,98,Active,Warning,SEN016,No Attack
2388,114,7,1,5,20,75,Idle,Warning,SEN010,No Attack
2214,162,8,3,5,29,74,Idle,Normal,SEN047,No Attack
2636,40,7,1,1,24,97,Idle,Normal,SEN026,No Attack
70,4,1,8,9,9,9,Overloaded,Critical,SEN006,Cyber Attack
2854,57,7,2,3,35,84,Idle,Normal,SEN049,No Attack
2764,105,8,4,2,24,52,Active,Warning,SEN004,No Attack
2119,133,6,4,1,22,50,Active,Warning,SEN004,No Attack
2452,137,8,3,4,21,34,Idle,Normal,SEN049,No Attack
249,7,2,7,10,13,1,Overloaded,Critical,SEN012,Cyber Attack
1268,53,7,3,4,30,72,Idle,Warning,SEN031,No Attack
1592,58,6,3,4,34,80,Idle,Normal,SEN035,No Attack
2712,30,7,1,1,24,65,Active,Warning,SEN026,No Attack
57,0,1,7,6,4,7,Overloaded,Critical,SEN022,Cyber Attack
2015,157,6,2,2,22,44,Active,Normal,SEN032,No Attack
1881,160,7,4,5,23,69,Idle,Normal,SEN049,No Attack
2735,72,6,4,5,20,96,Active,Normal,SEN041,No Attack
2879,97,7,2,4,33,100,Active,Warning,SEN016,No Attack
2667,76,8,2,4,30,91,Active,Warning,SEN048,No Attack
2583,85,7,4,3,23,54,Idle,Warning,SEN046,No Attack
1984,171,8,3,4,35,77,Idle,Warning,SEN009,No Attack
1373,28,8,3,5,27,88,Idle,Warning,SEN038,No Attack
72,10,3,5,8,10,6,Overloaded,Critical,SEN033,Cyber Attack
184,5,2,9,7,2,8,Overloaded,Critical,SEN029,Cyber Attack
2335,138,6,4,3,28,54,Active,Normal,SEN017,No Attack
2174,187,6,4,5,23,66,Idle,Normal,SEN044,No Attack
1316,27,6,4,2,30,28,Active,Normal,SEN003,No Attack
2153,123,7,1,0,25,70,Idle,Normal,SEN004,No Attack
1798,53,6,1,3,34,60,Active,Warning,SEN029,No Attack
1965,78,8,1,0,31,36,Active,Normal,SEN045,No Attack
1347,26,7,3,2,33,80,Idle,Normal,SEN023,No Attack
329,7,4,6,8,7,6,Overloaded,Critical,SEN007,Cyber Attack
2786,189,6,2,2,33,27,Idle,Warning,SEN017,No Attack
2751,142,7,2,5,34,58,Active,Normal,SEN015,No Attack
208,0,0,7,9,9,10,Overloaded,Critical,SEN001,Cyber Attack
1228,191,6,4,0,35,80,Active,Warning,SEN024,No Attack
1692,128,6,2,2,23,81,Idle,Warning,SEN007,No Attack
2810,105,7,1,5,35,90,Active,Warning,SEN012,No Attack
119,2,1,5,6,10,8,Overloaded,Critical,SEN029,Cyber Attack
2012,151,6,1,2,32,65,Active,Normal,SEN001,No Attack
1337,30,7,4,3,32,69,Idle,Normal,SEN029,No Attack
2338,157,8,3,4,30,43,Idle,Warning,SEN005,No Attack
373,8,3,10,8,1,8,Overloaded,Critical,SEN009,Cyber Attack
477,1,3,8,8,3,3,Overloaded,Critical,SEN050,Cyber Attack
2450,93,6,4,4,20,83,Idle,Normal,SEN021,No Attack
146,4,5,6,8,3,1,Overloaded,Critical,SEN039,Cyber Attack
2184,76,6,3,2,32,48,Idle,Normal,SEN010,No Attack
1086,20,8,4,3,34,30,Idle,Warning,SEN035,No Attack
2954,26,6,2,2,33,93,Idle,Normal,SEN008,No Attack
2969,47,8,4,3,24,86,Active,Warning,SEN021,No Attack
2506,112,8,4,0,30,91,Idle,Warning,SEN008,No Attack
1673,77,8,4,1,33,24,Idle,Warning,SEN009,No Attack
380,2,3,9,8,8,3,Overloaded,Critical,SEN028,Cyber Attack
295,7,1,10,6,9,10,Overloaded,Critical,SEN039,Cyber Attack
2298,121,8,4,0,27,67,Idle,Warning,SEN024,No Attack
2027,96,6,4,3,34,74,Active,Normal,SEN019,No Attack
2842,79,6,1,0,34,73,Idle,Warning,SEN039,No Attack
1476,144,7,1,5,27,89,Idle,Normal,SEN004,No Attack
2609,174,8,1,1,21,63,Idle,Normal,SEN009,No Attack
1307,197,6,4,2,28,27,Active,Warning,SEN041,No Attack
1207,14,7,4,1,28,78,Idle,Normal,SEN003,No Attack
2261,180,7,4,5,27,86,Idle,Warning,SEN050,No Attack
2583,85,7,1,3,32,91,Active,Warning,SEN043,No Attack
2197,78,8,3,5,21,45,Idle,Warning,SEN006,No Attack
2225,85,8,4,0,24,23,Active,Warning,SEN003,No Attack
20,3,3,5,7,7,10,Overloaded,Critical,SEN039,Cyber Attack
2511,95,8,1,4,20,42,Active,Warning,SEN025,No Attack
2146,75,8,1,2,23,56,Active,Normal,SEN027,No Attack
1795,14,8,4,1,27,96,Idle,Warning,SEN040,No Attack
1969,187,7,2,3,34,66,Idle,Warning,SEN022,No Attack
2728,127,8,3,5,34,87,Idle,Warning,SEN046,No Attack
2052,194,6,2,1,31,76,Active,Warning,SEN010,No Attack
2453,74,7,3,5,24,88,Idle,Warning,SEN049,No Attack
2438,101,8,1,1,21,89,Idle,Warning,SEN010,No Attack
1366,179,8,4,4,32,32,Active,Normal,SEN021,No Attack
290,0,4,6,8,1,6,Overloaded,Critical,SEN030,Cyber Attack
2839,168,8,1,5,20,85,Idle,Warning,SEN021,No Attack
148,6,3,10,10,0,1,Overloaded,Critical,SEN035,Cyber Attack
1508,106,7,2,1,25,63,Active,Normal,SEN041,No Attack
2674,64,7,2,5,27,62,Active,Warning,SEN032,No Attack
2390,149,7,4,3,30,34,Idle,Warning,SEN006,No Attack
2780,32,7,2,5,28,58,Active,Warning,SEN002,No Attack
2024,51,7,1,3,33,65,Active,Warning,SEN018,No Attack
1204,14,6,2,1,31,62,Idle,Warning,SEN008,No Attack
1206,170,6,4,0,20,78,Idle,Normal,SEN024,No Attack
305,3,3,10,10,11,7,Overloaded,Critical,SEN013,Cyber Attack
2758,116,8,3,3,33,29,Active,Normal,SEN022,No Attack
1882,82,7,2,3,24,87,Active,Warning,SEN032,No Attack
394,9,3,5,9,2,9,Overloaded,Critical,SEN006,Cyber Attack
2348,44,8,4,2,25,44,Active,Normal,SEN007,No Attack
1765,171,6,3,0,32,22,Idle,Normal,SEN039,No Attack
2598,114,8,2,3,20,38,Active,Normal,SEN047,No Attack
2539,98,6,2,0,21,51,Idle,Warning,SEN020,No Attack
2927,195,7,2,2,32,89,Active,Warning,SEN016,No Attack
2394,102,8,1,0,26,47,Idle,Warning,SEN007,No Attack
378,0,1,8,6,3,5,Overloaded,Critical,SEN009,Cyber Attack
1238,57,6,4,1,29,30,Idle,Normal,SEN010,No Attack
2535,36,7,2,4,33,66,Active,Warning,SEN037,No Attack
1915,53,6,1,2,25,93,Active,Normal,SEN014,No Attack
2908,96,8,4,1,29,32,Idle,Warning,SEN034,No Attack
2282,95,7,4,0,30,54,Active,Normal,SEN020,No Attack
2828,73,6,1,0,26,96,Idle,Normal,SEN023,No Attack
2436,193,7,1,2,32,51,Idle,Normal,SEN006,No Attack
2238,149,6,4,5,26,24,Active,Normal,SEN018,No Attack
1496,14,8,1,3,23,47,Active,Normal,SEN044,No Attack
1345,88,7,1,2,22,78,Idle,Normal,SEN019,No Attack
1360,156,6,4,4,23,70,Active,Warning,SEN046,No Attack
429,4,3,7,8,3,0,Overloaded,Critical,SEN012,Cyber Attack
301,6,4,6,7,5,5,Overloaded,Critical,SEN042,Cyber Attack
1367,22,8,1,0,29,26,Idle,Warning,SEN039,No Attack
2340,94,7,1,4,22,58,Idle,Warning,SEN012,No Attack
1329,124,7,1,2,31,87,Active,Normal,SEN003,No Attack
1104,44,6,2,4,28,66,Active,Normal,SEN035,No Attack
1537,114,8,2,3,21,87,Idle,Normal,SEN004,No Attack
1432,102,7,2,4,23,22,Idle,Warning,SEN043,No Attack
13,5,2,8,7,4,8,Overloaded,Critical,SEN001,Cyber Attack
116,5,2,7,8,5,10,Overloaded,Critical,SEN045,Cyber Attack
2234,35,8,3,2,22,76,Active,Normal,SEN018,No Attack
2070,27,6,2,3,32,77,Active,Warning,SEN036,No Attack
2539,147,6,3,4,22,83,Idle,Normal,SEN042,No Attack
2988,16,8,2,2,28,35,Active,Warning,SEN022,No Attack
1775,65,8,4,4,29,91,Idle,Normal,SEN014,No Attack
105,9,1,9,8,14,8,Overloaded,Critical,SEN030,Cyber Attack
1031,100,8,3,3,24,64,Idle,Warning,SEN040,No Attack
1776,57,6,3,3,34,85,Active,Normal,SEN046,No Attack
1803,120,6,3,0,33,39,Idle,Normal,SEN038,No Attack
309,10,5,7,8,2,9,Overloaded,Critical,SEN023,Cyber Attack
1329,82,8,2,2,35,97,Idle,Warning,SEN028,No Attack
1177,182,8,2,2,21,96,Idle,Normal,SEN030,No Attack
2660,200,7,3,5,20,21,Idle,Normal,SEN038,No Attack
221,10,3,7,8,0,9,Overloaded,Critical,SEN039,Cyber Attack
1375,184,7,4,1,33,95,Idle,Warning,SEN011,No Attack
346,1,5,6,8,3,8,Overloaded,Critical,SEN034,Cyber Attack
349,10,3,8,9,14,9,Overloaded,Critical,SEN017,Cyber Attack
30,0,2,10,7,13,9,Overloaded,Critical,SEN010,Cyber Attack
1826,23,6,1,0,26,86,Active,Warning,SEN038,No Attack
310,3,3,7,8,14,7,Overloaded,Critical,SEN001,Cyber Attack
2277,30,6,4,1,27,72,Idle,Warning,SEN041,No Attack
2100,141,7,3,3,22,74,Idle,Normal,SEN005,No Attack
2300,34,8,3,3,23,29,Active,Normal,SEN037,No Attack
1378,65,6,3,2,35,53,Idle,Warning,SEN049,No Attack
2965,106,7,1,1,31,38,Idle,Normal,SEN013,No Attack
451,0,1,6,10,13,4,Overloaded,Critical,SEN029,Cyber Attack
182,5,2,7,10,6,7,Overloaded,Critical,SEN003,Cyber Attack
1084,167,6,1,2,27,65,Active,Warning,SEN037,No Attack
326,8,2,7,7,12,1,Overloaded,Critical,SEN003,Cyber Attack
2521,149,7,2,2,31,65,Idle,Warning,SEN031,No Attack
1104,103,7,4,1,21,53,Active,Warning,SEN011,No Attack
1734,146,6,3,1,21,66,Active,Warning,SEN032,No Attack
2556,164,6,3,4,34,78,Active,Normal,SEN015,No Attack
2005,200,7,3,3,27,72,Active,Warning,SEN014,No Attack
133,0,5,6,9,1,5,Overloaded,Critical,SEN017,Cyber Attack
2957,40,6,1,3,27,66,Active,Warning,SEN013,No Attack
1323,43,7,1,3,25,91,Active,Warning,SEN045,No Attack
2265,113,6,1,4,29,39,Idle,Normal,SEN035,No Attack
2290,10,8,3,4,21,54,Idle,Warning,SEN033,No Attack
2901,95,6,1,4,22,92,Idle,Warning,SEN006,No Attack
1920,35,6,4,2,23,66,Active,Normal,SEN041,No Attack
2684,172,7,1,1,32,72,Active,Warning,SEN020,No Attack
457,0,0,10,7,5,9,Overloaded,Critical,SEN049,Cyber Attack
37,10,3,8,7,6,3,Overloaded,Critical,SEN016,Cyber Attack
2518,199,7,4,0,20,70,Active,Normal,SEN046,No Attack
2338,42,7,1,3,33,84,Active,Normal,SEN007,No Attack
2642,36,8,1,3,33,96,Active,Warning,SEN040,No Attack
1432,24,6,3,2,25,44,Idle,Normal,SEN014,No Attack
2893,30,8,1,2,32,82,Active,Normal,SEN036,No Attack
310,5,5,8,7,14,5,Overloaded,Critical,SEN003,Cyber Attack
1682,178,7,4,2,33,24,Active,Warning,SEN048,No Attack
2137,18,8,4,1,29,37,Idle,Warning,SEN006,No Attack
235,4,1,9,9,2,2,Overloaded,Critical,SEN035,Cyber Attack
2878,124,6,4,2,34,54,Idle,Normal,SEN041,No Attack
1959,195,8,3,3,29,91,Idle,Warning,SEN035,No Attack
116,1,0,7,9,15,7,Overloaded,Critical,SEN022,Cyber Attack
1060,200,7,2,1,33,42,Active,Normal,SEN049,No Attack
1255,49,7,1,3,31,67,Active,Warning,SEN022,No Attack
2743,43,6,3,5,34,94,Idle,Warning,SEN004,No Attack
1859,61,8,1,5,35,48,Idle,Normal,SEN032,No Attack
1506,37,8,3,2,30,48,Idle,Normal,SEN005,No Attack
2972,107,7,4,3,25,90,Active,Warning,SEN039,No Attack
1374,140,6,3,4,34,90,Idle,Normal,SEN049,No Attack
79,4,2,8,10,7,6,Overloaded,Critical,SEN028,Cyber Attack
481,6,0,9,9,6,4,Overloaded,Critical,SEN035,Cyber Attack
1166,139,8,1,3,30,64,Idle,Warning,SEN035,No Attack
2470,199,6,2,3,32,36,Idle,Normal,SEN033,No Attack
1602,20,7,1,5,22,30,Idle,Warning,SEN004,No Attack
2772,158,8,1,0,21,29,Idle,Warning,SEN006,No Attack
2166,193,6,1,1,23,47,Active,Warning,SEN043,No Attack
1957,33,8,2,4,22,43,Idle,Normal,SEN003,No Attack
2889,113,7,3,0,21,63,Idle,Warning,SEN014,No Attack
1633,48,7,3,0,22,50,Idle,Warning,SEN021,No Attack
1612,80,6,4,0,31,39,Idle,Normal,SEN022,No Attack
425,0,4,8,6,3,8,Overloaded,Critical,SEN006,Cyber Attack
1362,93,8,1,5,26,38,Active,Warning,SEN032,No Attack
2656,123,8,1,4,24,78,Active,Warning,SEN017,No Attack
2893,17,8,2,0,23,54,Idle,Normal,SEN035,No Attack
2470,193,8,2,0,28,90,Active,Normal,SEN033,No Attack
2329,107,6,3,0,24,70,Idle,Normal,SEN046,No Attack
1785,188,6,4,5,32,40,Idle,Warning,SEN035,No Attack
2893,90,8,2,4,31,48,Idle,Normal,SEN016,No Attack
1889,11,7,2,1,27,56,Active,Warning,SEN015,No Attack
2913,62,6,1,5,26,41,Idle,Warning,SEN011,No Attack
279,4,3,8,10,6,3,Overloaded,Critical,SEN012,Cyber Attack
1217,78,7,4,1,24,55,Active,Warning,SEN042,No Attack
1991,134,8,3,4,35,87,Idle,Normal,SEN007,No Attack
1054,52,7,3,3,30,59,Active,Normal,SEN030,No Attack
1380,200,8,1,4,32,76,Idle,Normal,SEN044,No Attack
1127,24,7,2,2,20,61,Idle,Normal,SEN010,No Attack
2195,89,6,3,5,26,75,Idle,Normal,SEN030,No Attack
2018,84,8,1,1,32,53,Active,Normal,SEN005,No Attack
1643,153,6,4,5,28,84,Idle,Warning,SEN014,No Attack
270,10,3,10,10,12,2,Overloaded,Critical,SEN027,Cyber Attack
432,9,2,7,10,1,3,Overloaded,Critical,SEN031,Cyber Attack
2555,154,6,3,1,28,81,Idle,Warning,SEN043,No Attack
1871,185,7,1,4,28,67,Idle,Warning,SEN020,No Attack
1720,71,8,2,1,21,60,Idle,Warning,SEN011,No Attack
2657,41,7,3,2,31,49,Idle,Warning,SEN034,No Attack
2274,114,8,2,2,29,39,Idle,Warning,SEN004,No Attack
2703,144,6,1,5,31,93,Active,Normal,SEN015,No Attack
1782,154,6,1,0,23,85,Idle,Warning,SEN027,No Attack
1013,69,8,4,0,24,28,Idle,Warning,SEN010,No Attack
1305,31,8,4,5,34,92,Idle,Normal,SEN018,No Attack
354,3,3,10,9,13,4,Overloaded,Critical,SEN027,Cyber Attack
2511,21,8,1,0,26,57,Idle,Normal,SEN010,No Attack
152,9,0,7,6,13,4,Overloaded,Critical,SEN019,Cyber Attack
1939,15,7,3,5,33,67,Active,Normal,SEN029,No Attack
270,0,0,10,6,15,10,Overloaded,Critical,SEN049,Cyber Attack
2429,43,6,1,0,23,92,Active,Warning,SEN011,No Attack
2830,15,8,3,2,31,71,Active,Normal,SEN009,No Attack
1056,110,8,4,2,27,74,Active,Normal,SEN024,No Attack
2767,174,7,1,1,33,87,Idle,Warning,SEN033,No Attack
2366,10,7,4,1,22,65,Active,Normal,SEN033,No Attack
2337,113,6,2,4,20,63,Active,Warning,SEN003,No Attack
2271,97,8,4,0,35,70,Idle,Warning,SEN048,No Attack
2785,11,7,2,5,30,58,Idle,Normal,SEN011,No Attack
2281,82,7,4,1,29,77,Idle,Warning,SEN008,No Attack
1081,109,8,2,1,27,62,Active,Warning,SEN021,No Attack
2422,139,8,4,2,20,70,Idle,Warning,SEN007,No Attack
2178,45,7,4,4,28,88,Idle,Warning,SEN028,No Attack
1984,88,8,3,3,31,27,Idle,Warning,SEN035,No Attack
2131,134,8,4,3,32,59,Active,Normal,SEN010,No Attack
2809,185,8,3,2,35,60,Active,Warning,SEN015,No Attack
213,7,5,8,7,0,0,Overloaded,Critical,SEN015,Cyber Attack
2535,173,8,2,2,21,51,Active,Warning,SEN044,No Attack
1318,37,8,4,3,20,36,Active,Normal,SEN040,No Attack
2591,135,8,3,1,35,54,Active,Warning,SEN012,No Attack
2674,144,8,2,1,31,89,Active,Normal,SEN024,No Attack
367,5,1,9,9,6,4,Overloaded,Critical,SEN048,Cyber Attack
2935,115,8,4,0,20,81,Active,Normal,SEN043,No Attack
1157,59,6,4,1,25,94,Active,Warning,SEN014,No Attack
1989,136,6,4,4,22,46,Active,Normal,SEN013,No Attack
1579,189,7,2,2,34,29,Idle,Normal,SEN007,No Attack
2180,166,7,4,3,22,87,Active,Warning,SEN046,No Attack
1437,62,7,2,2,34,74,Idle,Normal,SEN029,No Attack
2128,190,7,1,5,30,86,Active,Normal,SEN012,No Attack
1051,17,7,2,1,22,35,Active,Normal,SEN024,No Attack
2863,176,6,2,0,30,72,Idle,Warning,SEN027,No Attack
1432,84,6,1,4,31,46,Active,Normal,SEN050,No Attack
1708,17,8,1,2,29,61,Active,Warning,SEN032,No Attack
2195,165,8,3,5,25,48,Idle,Warning,SEN026,No Attack
1544,29,8,3,2,35,39,Idle,Warning,SEN025,No Attack
2471,87,6,2,2,25,45,Active,Normal,SEN005,No Attack
2912,144,6,2,5,27,56,Idle,Normal,SEN024,No Attack
1502,47,8,1,4,26,76,Active,Normal,SEN047,No Attack
1446,111,7,1,0,20,67,Idle,Warning,SEN023,No Attack
2499,46,8,2,3,25,21,Idle,Warning,SEN021,No Attack
1232,51,8,3,4,26,58,Active,Normal,SEN030,No Attack
1125,177,8,1,4,32,53,Idle,Warning,SEN017,No Attack
1567,84,8,1,0,31,36,Idle,Normal,SEN003,No Attack
2611,172,8,1,4,24,79,Idle,Warning,SEN005,No Attack
248,3,0,9,9,13,10,Overloaded,Critical,SEN034,Cyber Attack
1679,77,8,3,5,22,89,Idle,Normal,SEN044,No Attack
1116,27,7,4,5,25,87,Idle,Normal,SEN016,No Attack
1541,158,8,1,0,32,26,Active,Normal,SEN003,No Attack
2125,130,6,3,5,32,57,Active,Warning,SEN011,No Attack
1232,54,7,1,5,25,75,Idle,Warning,SEN009,No Attack
1765,81,6,4,0,23,31,Idle,Warning,SEN021,No Attack
2878,75,6,1,1,23,97,Active,Normal,SEN035,No Attack
1562,118,6,4,5,32,53,Active,Warning,SEN008,No Attack
1253,20,7,1,5,29,68,Active,Normal,SEN029,No Attack
444,0,2,7,8,5,9,Overloaded,Critical,SEN046,Cyber Attack
1913,120,8,1,4,28,52,Active,Normal,SEN045,No Attack
2052,72,6,4,3,28,30,Active,Normal,SEN018,No Attack
2861,57,7,3,0,21,37,Active,Normal,SEN045,No Attack
3000,129,6,4,4,28,63,Active,Warning,SEN009,No Attack
109,10,5,9,8,0,8,Overloaded,Critical,SEN047,Cyber Attack
2190,35,7,4,2,30,82,Active,Normal,SEN025,No Attack
33,0,3,9,6,0,10,Overloaded,Critical,SEN032,Cyber Attack
287,3,5,5,8,5,4,Overloaded,Critical,SEN010,Cyber Attack
2826,128,6,1,4,28,24,Active,Warning,SEN033,No Attack
499,4,1,7,7,1,2,Overloaded,Critical,SEN020,Cyber Attack
211,8,1,7,7,3,6,Overloaded,Critical,SEN007,Cyber Attack
1312,194,8,4,5,33,50,Idle,Warning,SEN002,No Attack
1794,14,7,1,0,21,83,Active,Warning,SEN030,No Attack
2218,185,6,2,0,31,73,Active,Normal,SEN002,No Attack
351,5,2,8,7,3,5,Overloaded,Critical,SEN014,Cyber Attack
1606,114,8,1,3,26,64,Active,Normal,SEN013,No Attack
369,6,2,9,9,12,10,Overloaded,Critical,SEN022,Cyber Attack
1610,120,8,3,4,29,26,Idle,Normal,SEN004,No Attack
2183,11,7,1,3,21,23,Active,Normal,SEN038,No Attack
1307,137,7,2,5,25,65,Idle,Normal,SEN003,No Attack
2782,125,6,3,4,31,57,Idle,Warning,SEN012,No Attack
2459,189,8,4,0,24,37,Active,Warning,SEN032,No Attack
261,5,4,7,9,11,8,Overloaded,Critical,SEN005,Cyber Attack
1494,30,8,4,3,22,20,Idle,Warning,SEN041,No Attack
1410,174,7,1,3,35,45,Idle,Normal,SEN037,No Attack
344,9,2,9,8,1,0,Overloaded,Critical,SEN040,Cyber Attack
1397,120,8,2,2,34,73,Active,Normal,SEN036,No Attack
1138,66,6,1,4,35,76,Active,Warning,SEN027,No Attack
1177,126,6,2,2,26,90,Idle,Warning,SEN029,No Attack
454,2,5,9,8,4,9,Overloaded,Critical,SEN036,Cyber Attack
2001,74,8,4,3,23,68,Idle,Normal,SEN046,No Attack
161,8,0,7,6,5,6,Overloaded,Critical,SEN042,Cyber Attack
1717,18,7,2,2,22,59,Active,Warning,SEN044,No Attack
440,3,2,5,10,12,8,Overloaded,Critical,SEN024,Cyber Attack
1916,13,7,2,0,24,22,Active,Warning,SEN008,No Attack
1646,132,6,4,2,29,86,Idle,Warning,SEN007,No Attack
1996,90,6,2,3,22,80,Idle,Normal,SEN049,No Attack
146,9,5,8,8,6,2,Overloaded,Critical,SEN002,Cyber Attack
1135,50,6,4,4,35,50,Idle,Warning,SEN043,No Attack
2498,126,7,1,1,32,66,Active,Normal,SEN022,No Attack
2708,199,7,2,0,21,88,Idle,Normal,SEN043,No Attack
1942,49,7,3,0,21,63,Idle,Normal,SEN029,No Attack
1979,50,6,3,3,31,35,Idle,Warning,SEN009,No Attack
2015,13,7,3,3,35,72,Active,Normal,SEN047,No Attack
2580,83,7,3,5,34,84,Idle,Normal,SEN029,No Attack
352,5,4,7,9,12,4,Overloaded,Critical,SEN043,Cyber Attack
1137,16,6,1,0,31,47,Active,Normal,SEN006,No Attack
1765,195,7,3,3,35,48,Active,Warning,SEN045,No Attack
2355,64,8,4,1,33,89,Active,Warning,SEN022,No Attack
1942,82,6,2,0,27,53,Active,Normal,SEN006,No Attack
1472,24,7,2,1,30,44,Active,Warning,SEN007,No Attack
1732,47,7,1,5,31,46,Active,Warning,SEN011,No Attack
1966,153,8,3,4,22,89,Idle,Normal,SEN016,No Attack
2348,56,8,1,5,25,50,Active,Warning,SEN043,No Attack
1158,19,6,4,2,29,73,Active,Warning,SEN007,No Attack
115,9,2,10,7,13,3,Overloaded,Critical,SEN010,Cyber Attack
2680,135,8,3,1,26,55,Idle,Warning,SEN028,No Attack
2673,196,6,1,4,31,56,Active,Normal,SEN049,No Attack
1537,67,6,1,1,32,40,Active,Warning,SEN045,No Attack
1973,146,8,3,2,29,83,Idle,Warning,SEN020,No Attack
2884,53,6,2,1,24,45,Idle,Normal,SEN039,No Attack
1832,195,6,1,0,25,23,Active,Normal,SEN036,No Attack
1715,108,8,2,0,26,29,Active,Warning,SEN014,No Attack
2267,133,8,3,0,21,75,Idle,Warning,SEN010,No Attack
1005,12,8,3,4,30,65,Idle,Normal,SEN045,No Attack
1085,70,6,3,2,26,72,Idle,Warning,SEN013,No Attack
